{
  "indoorDecorations": [
    {
      "category": "Celebration",
      "description": "Vibrant and fun setups to make any birthday special.",
      "id": 1,
      "image": "https://i.ibb.co/j9QGnmXH/Whats-App-Image-2025-11-30-at-11-47-38-f1a48935.jpg",
      "title": "Birthday Party",
      "setups": [
        {
          "title": "Setup 1",
          "price": "3500",
          "src": "https://i.ibb.co/qbQmdcm/IMG-20251126-WA0013.jpg",
          "id": 1764484633494
        }
      ]
    },
    {
      "category": "Romance",
      "description": "Elegant and romantic decor to celebrate your milestone.",
      "id": 2,
      "image": "https://i.ibb.co/GXTTWDt/a.jpg",
      "title": "Anniversary"
    },
    {
      "category": "Pre-Wedding",
      "description": "Chic and stylish setups for the perfect bridal shower.",
      "id": 3,
      "image": "https://i.ibb.co/YBV1XVq9/btb.jpg",
      "title": "Bride to Be"
    },
    {
      "category": "Social",
      "description": "Fun and engaging themes for your next get-together.",
      "id": 4,
      "image": "https://i.ibb.co/SD6f36cz/kitty-party-invitation-templates.jpg",
      "title": "Kitty Party"
    },
    {
      "category": "Casual",
      "description": "Relaxed and cozy setups for friends and family.",
      "id": 5,
      "image": "https://i.ibb.co/Xry3dJ0h/gtg.webp",
      "title": "Get Together"
    },
    {
      "category": "Intimate",
      "description": "A private cinema experience with plush seating and snacks.",
      "id": 6,
      "image": "https://i.ibb.co/4RXL1v1W/m.webp",
      "title": "Movie Date"
    }
  ],
  "outdoorDecorations": [
    {
      "id": 1,
      "title": "Bride to Be",
      "category": "Pre-Wedding",
      "description": "Beautiful outdoor setups for a memorable bridal shower.",
      "image": "https://images.unsplash.com/photo-1589194627449-142512d7b899?q=80&w=800&auto=format&fit=crop"
    },
    {
      "id": 2,
      "title": "Anniversary",
      "category": "Celebration",
      "description": "Celebrate your love story under the open sky.",
      "image": "https://images.unsplash.com/photo-1623951557021-a3f295b9a27e?q=80&w=800&auto=format&fit=crop"
    },
    {
      "id": 3,
      "title": "Hotel Room Plus",
      "category": "Luxury",
      "description": "Transform a hotel balcony or terrace into a private oasis.",
      "image": "https://images.unsplash.com/photo-1582719478250-c89cae4dc85b?q=80&w=800&auto=format&fit=crop"
    },
    {
      "id": 4,
      "title": "Car Decoration",
      "category": "Special Touch",
      "description": "Elegant floral arrangements for your special vehicle.",
      "image": "https://images.unsplash.com/photo-1558963204-f538a095a435?q=80&w=800&auto=format&fit=crop"
    },
    {
      "id": 5,
      "title": "Proposal Setup",
      "category": "Romance",
      "description": "Create the perfect 'yes' moment with our romantic setups.",
      "image": "https://images.unsplash.com/photo-1599105492842-6022c4558fb0?q=80&w=800&auto=format&fit=crop"
    },
    {
      "id": 6,
      "title": "Basic Decoration",
      "category": "Essentials",
      "description": "Simple yet elegant decor for any small occasion.",
      "image": "https://images.unsplash.com/photo-1567409282293-e36209b52a51?q=80&w=800&auto=format&fit=crop"
    },
    {
      "id": 7,
      "title": "Full Arch",
      "category": "Grand",
      "description": "A stunning floral or balloon arch for a grand entrance.",
      "image": "https://images.unsplash.com/photo-1587934426543-524f5a3424a1?q=80&w=800&auto=format&fit=crop"
    },
    {
      "id": 8,
      "title": "Organic Arch",
      "category": "Modern",
      "description": "A free-flowing, asymmetrical arch for a trendy look.",
      "image": "https://images.unsplash.com/photo-1616990479532-34b8a2e153e7?q=80&w=800&auto=format&fit=crop"
    },
    {
      "id": 9,
      "title": "Welcome Baby",
      "category": "Family",
      "description": "Adorable setups to welcome the newest family member.",
      "image": "https://images.unsplash.com/photo-1599661522026-382a39b36233?q=80&w=800&auto=format&fit=crop"
    },
    {
      "id": 10,
      "title": "Shop Gate",
      "category": "Inauguration",
      "description": "Grand opening decorations to attract customers.",
      "image": "https://images.unsplash.com/photo-1607082348824-0a96f2a4b9da?q=80&w=800&auto=format&fit=crop"
    },
    {
      "id": 11,
      "title": "Baby Shower",
      "category": "Family",
      "description": "Celebrate the mom-to-be with our charming setups.",
      "image": "https://images.unsplash.com/photo-1594901535458-7104a3a609cf?q=80&w=800&auto=format&fit=crop"
    },
    {
      "id": 12,
      "title": "Mehendi & Haldi",
      "category": "Traditional",
      "description": "Vibrant, traditional decor for pre-wedding ceremonies.",
      "image": "https://images.unsplash.com/photo-1617994892322-d66f6c92a2a0?q=80&w=800&auto=format&fit=crop"
    },
    {
      "id": 13,
      "title": "Naming Ceremony",
      "category": "Family",
      "description": "A beautiful setting for a cherished family tradition.",
      "image": "https://images.unsplash.com/photo-1606140681283-a74572decb73?q=80&w=800&auto=format&fit=crop"
    },
    {
      "id": 14,
      "title": "Ring & Engagement",
      "category": "Pre-Wedding",
      "description": "Elegant decor to celebrate the start of your journey.",
      "image": "https://images.unsplash.com/photo-1608988242202-a4a3560737a4?q=80&w=800&auto=format&fit=crop"
    },
    {
      "id": 15,
      "title": "Premium Decoration",
      "category": "Luxury",
      "description": "Bespoke, high-end designs for an unforgettable event.",
      "image": "https://images.unsplash.com/photo-1519225448526-0cbc99b4114d?q=80&w=800&auto=format&fit=crop"
    },
    {
      "id": 16,
      "title": "Tent Decoration",
      "category": "Outdoor",
      "description": "Transform a simple tent into a magical space.",
      "image": "https://images.unsplash.com/photo-1522204523234-8729aa6e3d54?q=80&w=800&auto=format&fit=crop"
    }
  ],
  "indoorPlans": [
    {
      "id": 1,
      "name": "One Hour Celebration",
      "price": "₹1,200 - ₹1,500",
      "description": "Perfect for quick gatherings and small celebrations.",
      "hours": "1 Hour",
      "features": [
        "2 to 10 Guests Included",
        "AC Room with Projector",
        "Party Speaker Setup",
        "Standard Decoration Included"
      ],
      "extras": [
        "Extra Guest: ₹500/person (Max 20)",
        "Fog Entry: +₹500",
        "LED Age/Number Light: +₹500",
        "Balloon Color Customization: +₹500",
        "1/2 KG Cake: +₹500",
        "1 KG Cake: +₹1000"
      ]
    },
    {
      "id": 2,
      "name": "Two Hours Bash",
      "price": "Starts ₹2,000",
      "description": "Extended time for more fun and memories.",
      "hours": "2 Hours",
      "features": [
        "2 to 15 Guests Included",
        "AC Room with Projector",
        "Party Speaker Setup",
        "Standard Decoration Included"
      ],
      "extras": [
        "Extra Guest: ₹500/person (Max 20)",
        "Fog Entry: +₹500",
        "LED Age/Number Light: +₹500",
        "Balloon Color Customization: +₹500",
        "1/2 KG Cake: +₹500",
        "1 KG Cake: +₹1000"
      ]
    },
    {
      "id": 3,
      "name": "Three Hours Ultimate",
      "price": "Starts ₹3,000",
      "description": "The complete experience with premium inclusions.",
      "hours": "3 Hours",
      "features": [
        "2 to 15 Guests Included",
        "AC Room with Projector",
        "Party Speaker Setup",
        "Standard Decoration Included",
        "Complementary Welcome Drink",
        "Fog Entry Included (Worth ₹500)"
      ],
      "extras": [
        "Extra Guest: ₹500/person (Max 20)",
        "LED Age/Number Light: +₹500",
        "Balloon Color Customization: +₹500",
        "1/2 KG Cake: +₹500",
        "1 KG Cake: +₹1000"
      ]
    }
  ],
  "outdoorPlans": [
    {
      "id": 1,
      "name": "Garden Party",
      "price": "₹3,500",
      "description": "Essential setup for backyard gatherings.",
      "hours": "1 Day",
      "features": [
        "Standard Marquee",
        "Basic Seating (50 pax)",
        "Portable Sound",
        "Setup & Breakdown"
      ],
      "extras": [
        "Power Gen: +₹1500"
      ]
    },
    {
      "id": 2,
      "name": "Field Festival",
      "price": "₹9,500",
      "description": "Complete logistics for remote locations.",
      "hours": "2 Days",
      "features": [
        "Luxury Tent Complex",
        "Power Generators",
        "Mobile Restrooms",
        "Lighting Rig",
        "On-site Manager"
      ],
      "extras": [
        "Catering: Custom"
      ]
    },
    {
      "id": 3,
      "name": "Grand Estate",
      "price": "Custom",
      "description": "Large scale production for estate weddings.",
      "hours": "Multi-Day",
      "features": [
        "Full Site Build",
        "Catering Kitchen",
        "Guest Transport",
        "Permit Management",
        "Weather Contingency"
      ],
      "extras": []
    }
  ],
  "cakes": [
    {
      "id": 1,
      "name": "Velvet Rose Wedding",
      "price": "From $450",
      "flavor": "Red Velvet & Vanilla",
      "image": "https://images.unsplash.com/photo-1587590227264-9ac5480233e9?q=80&w=800&auto=format&fit=crop"
    },
    {
      "id": 2,
      "name": "Golden Drip",
      "price": "From $120",
      "flavor": "Dark Chocolate Truffle",
      "image": "https://images.unsplash.com/photo-1606983340126-81ab4abaa633?q=80&w=800&auto=format&fit=crop"
    },
    {
      "id": 3,
      "name": "Macaron Tower",
      "price": "From $200",
      "flavor": "Assorted French Flavors",
      "image": "https://images.unsplash.com/photo-1558329223-ca4205520a5c?q=80&w=800&auto=format&fit=crop"
    },
    {
      "id": 4,
      "name": "Berry Chantilly",
      "price": "From $85",
      "flavor": "Fresh Berry & Cream",
      "image": "https://images.unsplash.com/photo-1562440102-395a1a9e7284?q=80&w=800&auto=format&fit=crop"
    },
    {
      "id": 5,
      "name": "Minimalist Tier",
      "price": "From $300",
      "flavor": "Lemon Elderflower",
      "image": "https://images.unsplash.com/photo-1607478909181-93a35b12a14e?q=80&w=800&auto=format&fit=crop"
    }
  ],
  "galleryItems": [
    {
      "id": 1,
      "title": "Neon Nights Gala",
      "category": "Social",
      "image": "https://images.unsplash.com/photo-1533174072545-e8d4aa97edf9?q=80&w=1200&auto=format&fit=crop",
      "className": "md:col-span-2 md:row-span-2 min-h-[300px]"
    },
    {
      "id": 2,
      "title": "Executive Summit",
      "category": "Corporate",
      "image": "https://images.unsplash.com/photo-1511578314322-379afb476865?q=80&w=800&auto=format&fit=crop",
      "className": "md:col-span-1 md:row-span-1 min-h-[250px]"
    },
    {
      "id": 3,
      "title": "Botanical Wedding",
      "category": "Wedding",
      "image": "https://images.unsplash.com/photo-1519225448526-0cbc99b4114d?q=80&w=800&auto=format&fit=crop",
      "className": "md:col-span-1 md:row-span-1 min-h-[250px]"
    },
    {
      "id": 4,
      "title": "Product Launch",
      "category": "Commercial",
      "image": "https://images.unsplash.com/photo-1505373877841-8d43f703fb1e?q=80&w=800&auto=format&fit=crop",
      "className": "md:col-span-1 md:row-span-1 min-h-[250px]"
    },
    {
      "id": 5,
      "title": "Private Dining",
      "category": "Intimate",
      "image": "https://images.unsplash.com/photo-1514933651103-005eec06c04b?q=80&w=800&auto=format&fit=crop",
      "className": "md:col-span-1 md:row-span-1 min-h-[250px]"
    }
  ],
  "reels": [
    {
      "caption": "pawry",
      "category": "OUTDOOR",
      "embedUrl": "https://res.cloudinary.com/dgshj0uot/video/upload/v1764495866/rsb3mnjub4uxwjh4f6bj.mp4",
      "id": 1,
      "originalUrl": "https://www.instagram.com/reel/DC_h0f5uV0L/?utm_source=ig_web_copy_link&igsh=MzRlODBiNWFlZA==",
      "thumbnail": "https://res.cloudinary.com/dgshj0uot/video/upload/v1764495866/rsb3mnjub4uxwjh4f6bj.jpg"
    },
    {
      "id": 2,
      "embedUrl": "https://www.instagram.com/reel/C9A_yB_yKxK/?utm_source=ig_embed&utm_campaign=loading",
      "thumbnail": "https://images.unsplash.com/photo-1492684223066-81342ee5ff30?q=80&w=400",
      "caption": "Dance Floor",
      "category": "INDOOR"
    },
    {
      "id": 3,
      "embedUrl": "https://www.instagram.com/reel/C_d8s9dS9kL/?utm_source=ig_embed&utm_campaign=loading",
      "thumbnail": "https://images.unsplash.com/photo-1516450360452-9312f5e86fc7?q=80&w=400",
      "caption": "Celebration",
      "category": "INDOOR"
    },
    {
      "id": 4,
      "embedUrl": "https://www.instagram.com/reel/C8_z9z_z9z9/?utm_source=ig_embed&utm_campaign=loading",
      "thumbnail": "https://images.unsplash.com/photo-1519225448526-0cbc99b4114d?q=80&w=400",
      "caption": "Outdoor Setup",
      "category": "OUTDOOR"
    },
    {
      "id": 5,
      "embedUrl": "https://www.instagram.com/reel/C7_y8y_y8y8/?utm_source=ig_embed&utm_campaign=loading",
      "thumbnail": "https://images.unsplash.com/photo-1511795409834-ef04bbd61622?q=80&w=400",
      "caption": "Wedding",
      "category": "OUTDOOR"
    },
    {
      "id": 6,
      "embedUrl": "https://www.instagram.com/reel/C6_x7x_x7x7/?utm_source=ig_embed&utm_campaign=loading",
      "thumbnail": "https://images.unsplash.com/photo-1519741497674-611481863552?q=80&w=400",
      "caption": "Evening",
      "category": "OUTDOOR"
    }
  ],
  "settings": {
    "heroVideoUrl": "https://res.cloudinary.com/dgshj0uot/video/upload/v1764501154/a1zp8tnrjjoxxmz55e7n.mp4"
  }
}